Club,club_logo_url
Paris Saint-Germain,https://cdn.sofifa.net/teams/73/60.png
FC Bayern München,https://cdn.sofifa.net/teams/21/60.png
Manchester United,https://cdn.sofifa.net/teams/11/60.png
Manchester City,https://cdn.sofifa.net/teams/10/60.png
Atlético de Madrid,https://cdn.sofifa.net/teams/240/60.png
FC Barcelona,https://cdn.sofifa.net/teams/241/60.png
Tottenham Hotspur,https://cdn.sofifa.net/teams/18/60.png
Chelsea,https://cdn.sofifa.net/teams/5/60.png
Real Madrid CF,https://cdn.sofifa.net/teams/243/60.png
Liverpool,https://cdn.sofifa.net/teams/9/60.png
Borussia Dortmund,https://cdn.sofifa.net/teams/22/60.png
Juventus,https://cdn.sofifa.net/teams/45/60.png
Lazio,https://cdn.sofifa.net/teams/46/60.png
Inter,https://cdn.sofifa.net/teams/44/60.png
Villarreal CF,https://cdn.sofifa.net/teams/483/60.png
VfL Wolfsburg,https://cdn.sofifa.net/teams/175/60.png
Napoli,https://cdn.sofifa.net/teams/48/60.png
Leicester City,https://cdn.sofifa.net/teams/95/60.png
Sevilla FC,https://cdn.sofifa.net/teams/481/60.png
Real Sociedad,https://cdn.sofifa.net/teams/457/60.png
Borussia M?nchengladbach,https://cdn.sofifa.net/teams/23/60.png
RB Leipzig,https://cdn.sofifa.net/teams/112172/60.png
Arsenal,https://cdn.sofifa.net/teams/1/60.png
AC Milan,https://cdn.sofifa.net/teams/47/60.png
RC Celta de Vigo,https://cdn.sofifa.net/teams/450/60.png
Ajax,https://cdn.sofifa.net/teams/245/60.png
AS Monaco,https://cdn.sofifa.net/teams/69/60.png
Everton,https://cdn.sofifa.net/teams/7/60.png
Atalanta,https://cdn.sofifa.net/teams/39/60.png
Aston Villa,https://cdn.sofifa.net/teams/2/60.png
Eintracht Frankfurt,https://cdn.sofifa.net/teams/1824/60.png
Real Betis Balompié,https://cdn.sofifa.net/teams/449/60.png
Los Angeles FC,https://cdn.sofifa.net/teams/112996/60.png
Olympique Lyonnais,https://cdn.sofifa.net/teams/66/60.png
Al Ahli,https://cdn.sofifa.net/teams/112387/60.png
Athletic Club de Bilbao,https://cdn.sofifa.net/teams/448/60.png
Bayer 04 Leverkusen,https://cdn.sofifa.net/teams/32/60.png
Roma,https://cdn.sofifa.net/teams/52/60.png
Sporting CP,https://cdn.sofifa.net/teams/237/60.png
Burnley,https://cdn.sofifa.net/teams/1796/60.png
Wolverhampton Wanderers,https://cdn.sofifa.net/teams/110/60.png
Valencia CF,https://cdn.sofifa.net/teams/461/60.png
TSG Hoffenheim,https://cdn.sofifa.net/teams/10029/60.png
Grêmio,https://cdn.sofifa.net/teams/1629/60.png
FC Porto,https://cdn.sofifa.net/teams/236/60.png
West Ham United,https://cdn.sofifa.net/teams/19/60.png
Genoa,https://cdn.sofifa.net/teams/110556/60.png
Al Shabab,https://cdn.sofifa.net/teams/111674/60.png
Be?ikta? JK,https://cdn.sofifa.net/teams/327/60.png
Shanghai Port FC,https://cdn.sofifa.net/teams/112540/60.png
PSV,https://cdn.sofifa.net/teams/247/60.png
PFC CSKA Moscow,https://cdn.sofifa.net/teams/315/60.png
Crystal Palace,https://cdn.sofifa.net/teams/1799/60.png
Levante Unión Deportiva,https://cdn.sofifa.net/teams/1853/60.png
SL Benfica,https://cdn.sofifa.net/teams/234/60.png
U.S. Sassuolo Calcio,https://cdn.sofifa.net/teams/111974/60.png
Al Nassr,https://cdn.sofifa.net/teams/112139/60.png
RB Bragantino,https://cdn.sofifa.net/teams/112472/60.png
Leeds United,https://cdn.sofifa.net/teams/8/60.png
Dinamo Zagreb,https://cdn.sofifa.net/teams/211/60.png
LOSC Lille,https://cdn.sofifa.net/teams/65/60.png
Orlando City Soccer Club,https://cdn.sofifa.net/teams/112606/60.png
Tigres U.A.N.L.,https://cdn.sofifa.net/teams/1970/60.png
Olympique de Marseille,https://cdn.sofifa.net/teams/219/60.png
Inter Miami CF,https://cdn.sofifa.net/teams/112893/60.png
1. FC Union Berlin,https://cdn.sofifa.net/teams/1831/60.png
Bologna,https://cdn.sofifa.net/teams/189/60.png
Shakhtar Donetsk,https://cdn.sofifa.net/teams/101059/60.png
OGC Nice,https://cdn.sofifa.net/teams/72/60.png
Unión Deportiva Las Palmas,https://cdn.sofifa.net/teams/472/60.png
Olympiacos CFP,https://cdn.sofifa.net/teams/280/60.png
Southampton,https://cdn.sofifa.net/teams/17/60.png
Cagliari,https://cdn.sofifa.net/teams/1842/60.png
?stanbul Ba?ak?ehir FK,https://cdn.sofifa.net/teams/101014/60.png
Torino F.C.,https://cdn.sofifa.net/teams/54/60.png
Granada CF,https://cdn.sofifa.net/teams/110832/60.png
Getafe CF,https://cdn.sofifa.net/teams/1860/60.png
Newcastle United,https://cdn.sofifa.net/teams/13/60.png
Clube Atlético Mineiro,https://cdn.sofifa.net/teams/1035/60.png
Sport Club Corinthians Paulista,https://cdn.sofifa.net/teams/1041/60.png
Flamengo,https://cdn.sofifa.net/teams/1043/60.png
Brighton & Hove Albion,https://cdn.sofifa.net/teams/1808/60.png
Parma,https://cdn.sofifa.net/teams/50/60.png
Club América,https://cdn.sofifa.net/teams/1879/60.png
Trabzonspor,https://cdn.sofifa.net/teams/436/60.png
Club Brugge KV,https://cdn.sofifa.net/teams/231/60.png
Fatih Karagümrük S.K.,https://cdn.sofifa.net/teams/111117/60.png
Royal Antwerp FC,https://cdn.sofifa.net/teams/230/60.png
Galatasaray SK,https://cdn.sofifa.net/teams/325/60.png
Fiorentina,https://cdn.sofifa.net/teams/110374/60.png
Boca Juniors,https://cdn.sofifa.net/teams/1877/60.png
Udinese Calcio,https://cdn.sofifa.net/teams/55/60.png
River Plate,https://cdn.sofifa.net/teams/1876/60.png
Seattle Sounders FC,https://cdn.sofifa.net/teams/111144/60.png
Beijing Guoan FC,https://cdn.sofifa.net/teams/111768/60.png
Toronto FC,https://cdn.sofifa.net/teams/111651/60.png
Montpellier Hérault SC,https://cdn.sofifa.net/teams/70/60.png
CF Monterrey,https://cdn.sofifa.net/teams/1032/60.png
Atlanta United,https://cdn.sofifa.net/teams/112885/60.png
Spartak Moskva,https://cdn.sofifa.net/teams/100767/60.png
Stade Rennais FC,https://cdn.sofifa.net/teams/74/60.png
Deportivo Alavés,https://cdn.sofifa.net/teams/463/60.png
RCD Espanyol de Barcelona,https://cdn.sofifa.net/teams/452/60.png
Cruz Azul,https://cdn.sofifa.net/teams/1878/60.png
Fluminense,https://cdn.sofifa.net/teams/567/60.png
Internacional,https://cdn.sofifa.net/teams/1048/60.png
SV Werder Bremen,https://cdn.sofifa.net/teams/38/60.png
Dynamo Kyiv,https://cdn.sofifa.net/teams/101047/60.png
Vissel Kobe,https://cdn.sofifa.net/teams/101146/60.png
US Salernitana 1919,https://cdn.sofifa.net/teams/110373/60.png
FC Girondins de Bordeaux,https://cdn.sofifa.net/teams/59/60.png
Al Hilal,https://cdn.sofifa.net/teams/605/60.png
Guangzhou City,https://cdn.sofifa.net/teams/112429/60.png
U.C. Sampdoria,https://cdn.sofifa.net/teams/1837/60.png
Fenerbah?e SK,https://cdn.sofifa.net/teams/326/60.png
Guangzhou FC,https://cdn.sofifa.net/teams/111839/60.png
Gimnasia y Esgrima La Plata,https://cdn.sofifa.net/teams/101084/60.png
FC Augsburg,https://cdn.sofifa.net/teams/100409/60.png
Elche CF,https://cdn.sofifa.net/teams/468/60.png
SC Braga,https://cdn.sofifa.net/teams/1896/60.png
Sport-Club Freiburg,https://cdn.sofifa.net/teams/25/60.png
Shenzhen FC,https://cdn.sofifa.net/teams/111773/60.png
CA Osasuna,https://cdn.sofifa.net/teams/479/60.png
KRC Genk,https://cdn.sofifa.net/teams/673/60.png
Racing Club,https://cdn.sofifa.net/teams/101085/60.png
Fortaleza,https://cdn.sofifa.net/teams/111052/60.png
Santos,https://cdn.sofifa.net/teams/1053/60.png
Feyenoord,https://cdn.sofifa.net/teams/246/60.png
AZ Alkmaar,https://cdn.sofifa.net/teams/1906/60.png
Cádiz CF,https://cdn.sofifa.net/teams/1968/60.png
Club Universidad Nacional,https://cdn.sofifa.net/teams/1881/60.png
Watford,https://cdn.sofifa.net/teams/1795/60.png
Rayo Vallecano,https://cdn.sofifa.net/teams/480/60.png
Hertha BSC,https://cdn.sofifa.net/teams/166/60.png
CF Fuenlabrada,https://cdn.sofifa.net/teams/110065/60.png
FC Metz,https://cdn.sofifa.net/teams/68/60.png
RCD Mallorca,https://cdn.sofifa.net/teams/453/60.png
Hellas Verona,https://cdn.sofifa.net/teams/206/60.png
LA Galaxy,https://cdn.sofifa.net/teams/697/60.png
UD Ibiza,https://cdn.sofifa.net/teams/113981/60.png
Racing Club de Lens,https://cdn.sofifa.net/teams/64/60.png
Adana Demirspor,https://cdn.sofifa.net/teams/101016/60.png
DSC Arminia Bielefeld,https://cdn.sofifa.net/teams/159/60.png
Club Atlético Independiente,https://cdn.sofifa.net/teams/110093/60.png
1. FC K?ln,https://cdn.sofifa.net/teams/31/60.png
BSC Young Boys,https://cdn.sofifa.net/teams/900/60.png
New England Revolution,https://cdn.sofifa.net/teams/691/60.png
SK Slavia Praha,https://cdn.sofifa.net/teams/266/60.png
RC Strasbourg Alsace,https://cdn.sofifa.net/teams/76/60.png
Real Valladolid CF,https://cdn.sofifa.net/teams/462/60.png
Club León,https://cdn.sofifa.net/teams/110781/60.png
Angers SCO,https://cdn.sofifa.net/teams/1530/60.png
S?o Paulo,https://cdn.sofifa.net/teams/598/60.png
Palmeiras,https://cdn.sofifa.net/teams/383/60.png
FC Nantes,https://cdn.sofifa.net/teams/71/60.png
VfB Stuttgart,https://cdn.sofifa.net/teams/36/60.png
Stade de Reims,https://cdn.sofifa.net/teams/379/60.png
Vitória de Guimar?es,https://cdn.sofifa.net/teams/1887/60.png
Rangers FC,https://cdn.sofifa.net/teams/86/60.png
Norwich City,https://cdn.sofifa.net/teams/1792/60.png
Portland Timbers,https://cdn.sofifa.net/teams/111140/60.png
FC Lokomotiv Moscow,https://cdn.sofifa.net/teams/100765/60.png
Shanghai Shenhua FC,https://cdn.sofifa.net/teams/110955/60.png
Stade Brestois 29,https://cdn.sofifa.net/teams/378/60.png
Fulham,https://cdn.sofifa.net/teams/144/60.png
West Bromwich Albion,https://cdn.sofifa.net/teams/109/60.png
Al Ittihad,https://cdn.sofifa.net/teams/607/60.png
Club Atlas,https://cdn.sofifa.net/teams/101114/60.png
N?mes Olympique,https://cdn.sofifa.net/teams/224/60.png
Portimonense SC,https://cdn.sofifa.net/teams/10031/60.png
Minnesota United FC,https://cdn.sofifa.net/teams/111138/60.png
Santos Laguna,https://cdn.sofifa.net/teams/110144/60.png
FC Basel 1893,https://cdn.sofifa.net/teams/896/60.png
SC Heerenveen,https://cdn.sofifa.net/teams/1913/60.png
SD Huesca,https://cdn.sofifa.net/teams/110839/60.png
Real Sporting de Gijón,https://cdn.sofifa.net/teams/459/60.png
Servette FC,https://cdn.sofifa.net/teams/324/60.png
Deportivo Toluca,https://cdn.sofifa.net/teams/1882/60.png
Western United FC,https://cdn.sofifa.net/teams/114023/60.png
F.C. K?benhavn,https://cdn.sofifa.net/teams/819/60.png
Universidad Católica,https://cdn.sofifa.net/teams/110975/60.png
FC Red Bull Salzburg,https://cdn.sofifa.net/teams/191/60.png
Club Atlético Colón,https://cdn.sofifa.net/teams/110406/60.png
Club Libertad,https://cdn.sofifa.net/teams/111008/60.png
Rosario Central,https://cdn.sofifa.net/teams/110580/60.png
Demir Grup Sivasspor,https://cdn.sofifa.net/teams/101041/60.png
Girona FC,https://cdn.sofifa.net/teams/110062/60.png
Unión Deportiva Almería,https://cdn.sofifa.net/teams/1861/60.png
Barcelona Sporting Club,https://cdn.sofifa.net/teams/110981/60.png
ESTAC Troyes,https://cdn.sofifa.net/teams/294/60.png
AS Saint-?tienne,https://cdn.sofifa.net/teams/1819/60.png
Pachuca,https://cdn.sofifa.net/teams/110147/60.png
FC Midtjylland,https://cdn.sofifa.net/teams/1516/60.png
FC Schalke 04,https://cdn.sofifa.net/teams/34/60.png
RSC Anderlecht,https://cdn.sofifa.net/teams/229/60.png
Sheffield United,https://cdn.sofifa.net/teams/1794/60.png
Vitesse,https://cdn.sofifa.net/teams/1909/60.png
AEK Athens,https://cdn.sofifa.net/teams/278/60.png
FC Luzern,https://cdn.sofifa.net/teams/897/60.png
AC Sparta Praha,https://cdn.sofifa.net/teams/267/60.png
Venezia FC,https://cdn.sofifa.net/teams/205/60.png
Brentford,https://cdn.sofifa.net/teams/1925/60.png
Melbourne City FC,https://cdn.sofifa.net/teams/112224/60.png
Panathinaikos FC,https://cdn.sofifa.net/teams/1884/60.png
Columbus Crew,https://cdn.sofifa.net/teams/687/60.png
Philadelphia Union,https://cdn.sofifa.net/teams/112134/60.png
AFC Bournemouth,https://cdn.sofifa.net/teams/1943/60.png
PAOK,https://cdn.sofifa.net/teams/393/60.png
Club Nacional de Football,https://cdn.sofifa.net/teams/111325/60.png
Dalian Professional Football Club,https://cdn.sofifa.net/teams/112378/60.png
CD Leganés,https://cdn.sofifa.net/teams/100888/60.png
1. FSV Mainz 05,https://cdn.sofifa.net/teams/169/60.png
Chicago Fire Football Club,https://cdn.sofifa.net/teams/693/60.png
SD Eibar,https://cdn.sofifa.net/teams/467/60.png
Ceará Sporting Club,https://cdn.sofifa.net/teams/111059/60.png
Club Athletico Paranaense,https://cdn.sofifa.net/teams/1039/60.png
Juventude,https://cdn.sofifa.net/teams/111041/60.png
Aytemiz Alanyaspor,https://cdn.sofifa.net/teams/113142/60.png
FC Pa?os de Ferreira,https://cdn.sofifa.net/teams/1892/60.png
FC Viktoria Plzeň,https://cdn.sofifa.net/teams/110468/60.png
Club Deportivo Palestino,https://cdn.sofifa.net/teams/111328/60.png
Club Atlético Lanús,https://cdn.sofifa.net/teams/110395/60.png
Molde FK,https://cdn.sofifa.net/teams/417/60.png
Valenciennes FC,https://cdn.sofifa.net/teams/110456/60.png
Club Cerro Porte?o,https://cdn.sofifa.net/teams/112716/60.png
Club Tijuana,https://cdn.sofifa.net/teams/111678/60.png
Newell's Old Boys,https://cdn.sofifa.net/teams/110396/60.png
KAA Gent,https://cdn.sofifa.net/teams/674/60.png
IFK G?teborg,https://cdn.sofifa.net/teams/319/60.png
Shandong Taishan,https://cdn.sofifa.net/teams/111724/60.png
Henan Songshan Longmen FC,https://cdn.sofifa.net/teams/111779/60.png
New York City FC,https://cdn.sofifa.net/teams/112828/60.png
Qingdao FC,https://cdn.sofifa.net/teams/112961/60.png
Moreirense FC,https://cdn.sofifa.net/teams/1900/60.png
Sporting Kansas City,https://cdn.sofifa.net/teams/696/60.png
Antalyaspor,https://cdn.sofifa.net/teams/741/60.png
Club de Foot Montréal,https://cdn.sofifa.net/teams/111139/60.png
Changchun Yatai FC,https://cdn.sofifa.net/teams/111769/60.png
Macarthur FC,https://cdn.sofifa.net/teams/114604/60.png
Spezia,https://cdn.sofifa.net/teams/110741/60.png
AIK,https://cdn.sofifa.net/teams/433/60.png
GwangJu FC,https://cdn.sofifa.net/teams/112258/60.png
Clube Sport Marítimo,https://cdn.sofifa.net/teams/1893/60.png
Al Raed,https://cdn.sofifa.net/teams/112392/60.png
D.C. United,https://cdn.sofifa.net/teams/688/60.png
Malm? FF,https://cdn.sofifa.net/teams/320/60.png
FC Utrecht,https://cdn.sofifa.net/teams/1903/60.png
Celtic,https://cdn.sofifa.net/teams/78/60.png
Lecce,https://cdn.sofifa.net/teams/347/60.png
Centro Atlético Fénix,https://cdn.sofifa.net/teams/111002/60.png
Nottingham Forest,https://cdn.sofifa.net/teams/14/60.png
Fútbol Club Juárez,https://cdn.sofifa.net/teams/113134/60.png
Cerezo Osaka,https://cdn.sofifa.net/teams/101148/60.png
Ettifaq FC,https://cdn.sofifa.net/teams/112096/60.png
Hajduk Split,https://cdn.sofifa.net/teams/263/60.png
Austin FC,https://cdn.sofifa.net/teams/114161/60.png
Urawa Red Diamonds,https://cdn.sofifa.net/teams/111575/60.png
Vancouver Whitecaps FC,https://cdn.sofifa.net/teams/101112/60.png
Independiente del Valle,https://cdn.sofifa.net/teams/112908/60.png
Vélez Sarsfield,https://cdn.sofifa.net/teams/101088/60.png
Reading,https://cdn.sofifa.net/teams/1793/60.png
Br?ndby IF,https://cdn.sofifa.net/teams/269/60.png
Ulsan Hyundai FC,https://cdn.sofifa.net/teams/1473/60.png
FC Lorient,https://cdn.sofifa.net/teams/217/60.png
Empoli,https://cdn.sofifa.net/teams/1746/60.png
Mazatlán Futbol Club,https://cdn.sofifa.net/teams/114899/60.png
Deportivo Cali,https://cdn.sofifa.net/teams/101102/60.png
Club Atlético Talleres,https://cdn.sofifa.net/teams/112670/60.png
VfL Bochum 1848,https://cdn.sofifa.net/teams/160/60.png
Club Olimpia,https://cdn.sofifa.net/teams/101108/60.png
Argentinos Juniors,https://cdn.sofifa.net/teams/111019/60.png
FC Cincinnati,https://cdn.sofifa.net/teams/113149/60.png
New York Red Bulls,https://cdn.sofifa.net/teams/689/60.png
Defensa y Justicia,https://cdn.sofifa.net/teams/111710/60.png
Estudiantes de La Plata,https://cdn.sofifa.net/teams/101083/60.png
Daegu FC,https://cdn.sofifa.net/teams/2056/60.png
Al Taawoun,https://cdn.sofifa.net/teams/112393/60.png
Club Atlético Huracán,https://cdn.sofifa.net/teams/111711/60.png
Al Batin,https://cdn.sofifa.net/teams/112990/60.png
Go Ahead Eagles,https://cdn.sofifa.net/teams/100632/60.png
Bahia,https://cdn.sofifa.net/teams/1598/60.png
Atlético Clube Goianiense,https://cdn.sofifa.net/teams/112119/60.png
Middlesbrough,https://cdn.sofifa.net/teams/12/60.png
Damac FC,https://cdn.sofifa.net/teams/113217/60.png
Club Atlético Pe?arol,https://cdn.sofifa.net/teams/101110/60.png
Ferencvárosi TC,https://cdn.sofifa.net/teams/1874/60.png
Aarhus GF,https://cdn.sofifa.net/teams/271/60.png
Junior FC,https://cdn.sofifa.net/teams/101101/60.png
N.E.C. Nijmegen,https://cdn.sofifa.net/teams/1910/60.png
?aykur Rizespor,https://cdn.sofifa.net/teams/101037/60.png
Chongqing Liangjiang Athletic,https://cdn.sofifa.net/teams/112165/60.png
Birmingham City,https://cdn.sofifa.net/teams/88/60.png
Holstein Kiel,https://cdn.sofifa.net/teams/576/60.png
Tianjin Jinmen Tiger FC,https://cdn.sofifa.net/teams/111774/60.png
Real Zaragoza,https://cdn.sofifa.net/teams/244/60.png
Perth Glory,https://cdn.sofifa.net/teams/111399/60.png
Rosenborg BK,https://cdn.sofifa.net/teams/298/60.png
Club Deportivo Guadalajara,https://cdn.sofifa.net/teams/1880/60.png
SpVgg Greuther Fürth,https://cdn.sofifa.net/teams/165/60.png
FC Seoul,https://cdn.sofifa.net/teams/982/60.png
Sydney FC,https://cdn.sofifa.net/teams/111400/60.png
Adelaide United,https://cdn.sofifa.net/teams/111393/60.png
FC Twente,https://cdn.sofifa.net/teams/1908/60.png
Club Necaxa,https://cdn.sofifa.net/teams/101121/60.png
Oud-Heverlee Leuven,https://cdn.sofifa.net/teams/100087/60.png
Hebei FC,https://cdn.sofifa.net/teams/112978/60.png
Millwall,https://cdn.sofifa.net/teams/97/60.png
Club Deportivo Jorge Wilstermann,https://cdn.sofifa.net/teams/110974/60.png
Real Salt Lake,https://cdn.sofifa.net/teams/111065/60.png
Al Faisaly,https://cdn.sofifa.net/teams/112389/60.png
Gazi?ehir Gaziantep F.K.,https://cdn.sofifa.net/teams/110776/60.png
Blackburn Rovers,https://cdn.sofifa.net/teams/3/60.png
Swansea City,https://cdn.sofifa.net/teams/1960/60.png
Nashville SC,https://cdn.sofifa.net/teams/114162/60.png
LASK Linz,https://cdn.sofifa.net/teams/252/60.png
1. FC Heidenheim 1846,https://cdn.sofifa.net/teams/111235/60.png
Cardiff City,https://cdn.sofifa.net/teams/1961/60.png
Kaizer Chiefs,https://cdn.sofifa.net/teams/110929/60.png
FK Bod?/Glimt,https://cdn.sofifa.net/teams/918/60.png
Hamburger SV,https://cdn.sofifa.net/teams/28/60.png
Colorado Rapids,https://cdn.sofifa.net/teams/694/60.png
Royal Charleroi S.C.,https://cdn.sofifa.net/teams/670/60.png
KAS Eupen,https://cdn.sofifa.net/teams/2013/60.png
Club Atlético de San Luis,https://cdn.sofifa.net/teams/112678/60.png
Gil Vicente FC,https://cdn.sofifa.net/teams/1888/60.png
LDU Quito,https://cdn.sofifa.net/teams/110986/60.png
San Jose Earthquakes,https://cdn.sofifa.net/teams/111928/60.png
Al Ain FC,https://cdn.sofifa.net/teams/111701/60.png
Cuiabá,https://cdn.sofifa.net/teams/115530/60.png
Lech Poznań,https://cdn.sofifa.net/teams/873/60.png
Málaga CF,https://cdn.sofifa.net/teams/573/60.png
SV Zulte Waregem,https://cdn.sofifa.net/teams/15005/60.png
Standard de Liège,https://cdn.sofifa.net/teams/232/60.png
G?ztepe SK,https://cdn.sofifa.net/teams/101026/60.png
Gallos Blancos de Querétaro,https://cdn.sofifa.net/teams/110150/60.png
Orlando Pirates,https://cdn.sofifa.net/teams/110930/60.png
RZ Pellets Wolfsberger AC,https://cdn.sofifa.net/teams/111822/60.png
Wis?a Kraków,https://cdn.sofifa.net/teams/1873/60.png
Górnik Zabrze,https://cdn.sofifa.net/teams/420/60.png
Yukatel Kayserispor,https://cdn.sofifa.net/teams/101020/60.png
Shijiazhuang Ever Bright F.C.,https://cdn.sofifa.net/teams/112985/60.png
Boavista FC,https://cdn.sofifa.net/teams/1898/60.png
Dijon FCO,https://cdn.sofifa.net/teams/110569/60.png
Club Atlético Banfield,https://cdn.sofifa.net/teams/110404/60.png
Yeni Malatyaspor,https://cdn.sofifa.net/teams/113259/60.png
Santa Clara,https://cdn.sofifa.net/teams/1438/60.png
San Lorenzo de Almagro,https://cdn.sofifa.net/teams/1013/60.png
Kasimpa?a SK,https://cdn.sofifa.net/teams/111339/60.png
FC Erzgebirge Aue,https://cdn.sofifa.net/teams/506/60.png
Sheffield Wednesday,https://cdn.sofifa.net/teams/1807/60.png
Hannover 96,https://cdn.sofifa.net/teams/485/60.png
Ataka? Hatayspor,https://cdn.sofifa.net/teams/101028/60.png
Benevento,https://cdn.sofifa.net/teams/112026/60.png
Houston Dynamo,https://cdn.sofifa.net/teams/698/60.png
Belenenses SAD,https://cdn.sofifa.net/teams/1889/60.png
Al Fayha,https://cdn.sofifa.net/teams/113057/60.png
Montevideo City Torque,https://cdn.sofifa.net/teams/113143/60.png
AJ Auxerre,https://cdn.sofifa.net/teams/57/60.png
Queens Park Rangers,https://cdn.sofifa.net/teams/15/60.png
FC Tokyo,https://cdn.sofifa.net/teams/101150/60.png
Real Oviedo,https://cdn.sofifa.net/teams/110827/60.png
Kawasaki Frontale,https://cdn.sofifa.net/teams/111730/60.png
Bristol City,https://cdn.sofifa.net/teams/1919/60.png
AC Monza,https://cdn.sofifa.net/teams/111811/60.png
FC Dallas,https://cdn.sofifa.net/teams/695/60.png
Aalborg BK,https://cdn.sofifa.net/teams/820/60.png
K Beerschot VA,https://cdn.sofifa.net/teams/675/60.png
CS Emelec,https://cdn.sofifa.net/teams/110984/60.png
Al Tai,https://cdn.sofifa.net/teams/112572/60.png
SK Rapid Wien,https://cdn.sofifa.net/teams/254/60.png
Wuhan FC,https://cdn.sofifa.net/teams/112541/60.png
Yokohama F. Marinos,https://cdn.sofifa.net/teams/101151/60.png
Clermont Foot 63,https://cdn.sofifa.net/teams/1815/60.png
?ttifak Holding Konyaspor,https://cdn.sofifa.net/teams/101033/60.png
Suwon Samsung Bluewings,https://cdn.sofifa.net/teams/983/60.png
Amiens SC,https://cdn.sofifa.net/teams/1816/60.png
Atlético Nacional,https://cdn.sofifa.net/teams/101100/60.png
Al Fateh,https://cdn.sofifa.net/teams/112390/60.png
Unión de Santa Fe,https://cdn.sofifa.net/teams/111716/60.png
Preston North End,https://cdn.sofifa.net/teams/1801/60.png
Barnsley,https://cdn.sofifa.net/teams/1932/60.png
Legia Warszawa,https://cdn.sofifa.net/teams/1871/60.png
Kashima Antlers,https://cdn.sofifa.net/teams/101147/60.png
Jeonbuk Hyundai Motors,https://cdn.sofifa.net/teams/1477/60.png
Futebol Clube de Famalic?o,https://cdn.sofifa.net/teams/112809/60.png
FCSB (Steaua),https://cdn.sofifa.net/teams/100761/60.png
Willem II,https://cdn.sofifa.net/teams/1907/60.png
SK Sturm Graz,https://cdn.sofifa.net/teams/209/60.png
Puebla FC,https://cdn.sofifa.net/teams/110152/60.png
CD Tondela,https://cdn.sofifa.net/teams/112516/60.png
Associa??o Chapecoense de Futebol,https://cdn.sofifa.net/teams/112476/60.png
Hokkaido Consadole Sapporo,https://cdn.sofifa.net/teams/112444/60.png
Coventry City,https://cdn.sofifa.net/teams/1800/60.png
SD Ponferradina,https://cdn.sofifa.net/teams/2023/60.png
Godoy Cruz,https://cdn.sofifa.net/teams/111706/60.png
FC Lugano,https://cdn.sofifa.net/teams/10032/60.png
CD Tenerife,https://cdn.sofifa.net/teams/260/60.png
Royale Union Saint-Gilloise,https://cdn.sofifa.net/teams/2014/60.png
Stoke City,https://cdn.sofifa.net/teams/1806/60.png
Atlético Tucumán,https://cdn.sofifa.net/teams/111708/60.png
América de Cali,https://cdn.sofifa.net/teams/101099/60.png
Fortuna Düsseldorf,https://cdn.sofifa.net/teams/110636/60.png
FC Vizela,https://cdn.sofifa.net/teams/111539/60.png
SV Sandhausen,https://cdn.sofifa.net/teams/110178/60.png
Grenoble Foot 38,https://cdn.sofifa.net/teams/1805/60.png
CFR Cluj,https://cdn.sofifa.net/teams/110816/60.png
Deportivo La Guaira FC,https://cdn.sofifa.net/teams/112853/60.png
FC St. Pauli,https://cdn.sofifa.net/teams/110329/60.png
SV Darmstadt 98,https://cdn.sofifa.net/teams/110502/60.png
Club Universitario de Deportes,https://cdn.sofifa.net/teams/111014/60.png
ATK Mohun Bagan FC,https://cdn.sofifa.net/teams/113146/60.png
IF Elfsborg,https://cdn.sofifa.net/teams/700/60.png
KV Kortrijk,https://cdn.sofifa.net/teams/100081/60.png
Stade Malherbe Caen,https://cdn.sofifa.net/teams/210/60.png
PEC Zwolle,https://cdn.sofifa.net/teams/1914/60.png
1. FC Nürnberg,https://cdn.sofifa.net/teams/171/60.png
Toulouse Football Club,https://cdn.sofifa.net/teams/1809/60.png
Heracles Almelo,https://cdn.sofifa.net/teams/100634/60.png
Karlsruher SC,https://cdn.sofifa.net/teams/1832/60.png
Nagoya Grampus,https://cdn.sofifa.net/teams/112092/60.png
Kashiwa Reysol,https://cdn.sofifa.net/teams/101145/60.png
Newcastle Jets,https://cdn.sofifa.net/teams/111398/60.png
FC Cartagena,https://cdn.sofifa.net/teams/100851/60.png
Piast Gliwice,https://cdn.sofifa.net/teams/111086/60.png
KV Mechelen,https://cdn.sofifa.net/teams/110724/60.png
Universitatea Craiova,https://cdn.sofifa.net/teams/308/60.png
Seongnam FC,https://cdn.sofifa.net/teams/981/60.png
Arsenal de Sarandí,https://cdn.sofifa.net/teams/110394/60.png
FC Arouca,https://cdn.sofifa.net/teams/112513/60.png
IFK Norrk?ping,https://cdn.sofifa.net/teams/702/60.png
Patronato,https://cdn.sofifa.net/teams/110581/60.png
Club Atlético Aldosivi,https://cdn.sofifa.net/teams/111707/60.png
Al Hazem,https://cdn.sofifa.net/teams/113222/60.png
Unión La Calera,https://cdn.sofifa.net/teams/112535/60.png
APOEL Nicosia FC,https://cdn.sofifa.net/teams/100135/60.png
KSV Cercle Brugge,https://cdn.sofifa.net/teams/1750/60.png
Pohang Steelers,https://cdn.sofifa.net/teams/1474/60.png
SC Paderborn 07,https://cdn.sofifa.net/teams/10030/60.png
Club Bolívar,https://cdn.sofifa.net/teams/110968/60.png
Incheon United FC,https://cdn.sofifa.net/teams/110765/60.png
Derby County,https://cdn.sofifa.net/teams/91/60.png
Melbourne Victory,https://cdn.sofifa.net/teams/111397/60.png
FK Austria Wien,https://cdn.sofifa.net/teams/256/60.png
FC St. Gallen 1879,https://cdn.sofifa.net/teams/898/60.png
Crotone,https://cdn.sofifa.net/teams/110734/60.png
Club Deportes Tolima,https://cdn.sofifa.net/teams/111722/60.png
Gamba Osaka,https://cdn.sofifa.net/teams/112093/60.png
Sint-Truidense VV,https://cdn.sofifa.net/teams/680/60.png
FBC Melgar,https://cdn.sofifa.net/teams/111334/60.png
KV Oostende,https://cdn.sofifa.net/teams/682/60.png
FC Nordsj?lland,https://cdn.sofifa.net/teams/1788/60.png
Fortuna Sittard,https://cdn.sofifa.net/teams/634/60.png
Abha Club,https://cdn.sofifa.net/teams/113058/60.png
CD Antofagasta,https://cdn.sofifa.net/teams/112533/60.png
AD Alcorcón,https://cdn.sofifa.net/teams/100831/60.png
Club Atlético Central Córdoba,https://cdn.sofifa.net/teams/112965/60.png
Estoril Praia,https://cdn.sofifa.net/teams/10020/60.png
Aberdeen,https://cdn.sofifa.net/teams/77/60.png
Mumbai City FC,https://cdn.sofifa.net/teams/113300/60.png
FC Zürich,https://cdn.sofifa.net/teams/894/60.png
Platense,https://cdn.sofifa.net/teams/112689/60.png
Pogoń Szczecin,https://cdn.sofifa.net/teams/110746/60.png
Huddersfield Town,https://cdn.sofifa.net/teams/1939/60.png
Jagiellonia Bia?ystok,https://cdn.sofifa.net/teams/110745/60.png
SD Amorebieta,https://cdn.sofifa.net/teams/113356/60.png
Club Atlético Rentistas,https://cdn.sofifa.net/teams/115535/60.png
Wigan Athletic,https://cdn.sofifa.net/teams/1917/60.png
En Avant de Guingamp,https://cdn.sofifa.net/teams/62/60.png
La Equidad,https://cdn.sofifa.net/teams/112523/60.png
Peterborough United,https://cdn.sofifa.net/teams/1938/60.png
Odense Boldklub,https://cdn.sofifa.net/teams/272/60.png
Hibernian,https://cdn.sofifa.net/teams/81/60.png
Shimizu S-Pulse,https://cdn.sofifa.net/teams/101149/60.png
Djurg?rdens IF,https://cdn.sofifa.net/teams/710/60.png
Hull City,https://cdn.sofifa.net/teams/1952/60.png
12 de Octubre FC,https://cdn.sofifa.net/teams/111007/60.png
Randers FC,https://cdn.sofifa.net/teams/1786/60.png
Ipswich Town,https://cdn.sofifa.net/teams/94/60.png
Altay SK,https://cdn.sofifa.net/teams/101006/60.png
Raków Cz?stochowa,https://cdn.sofifa.net/teams/114326/60.png
Club Sporting Cristal,https://cdn.sofifa.net/teams/111013/60.png
FC Sion,https://cdn.sofifa.net/teams/110770/60.png
CD Lugo,https://cdn.sofifa.net/teams/110831/60.png
Sanfrecce Hiroshima,https://cdn.sofifa.net/teams/113157/60.png
Yokohama FC,https://cdn.sofifa.net/teams/113197/60.png
FC Sochaux-Montbéliard,https://cdn.sofifa.net/teams/226/60.png
FC Lausanne-Sport,https://cdn.sofifa.net/teams/1862/60.png
Sparta Rotterdam,https://cdn.sofifa.net/teams/100646/60.png
Paris FC,https://cdn.sofifa.net/teams/111817/60.png
Sunderland,https://cdn.sofifa.net/teams/106/60.png
Wellington Phoenix,https://cdn.sofifa.net/teams/111766/60.png
Club River Plate Asunción,https://cdn.sofifa.net/teams/114575/60.png
Western Sydney Wanderers,https://cdn.sofifa.net/teams/112427/60.png
Türkgücü München,https://cdn.sofifa.net/teams/114398/60.png
GZT Giresunspor,https://cdn.sofifa.net/teams/112120/60.png
Guaire?a FC,https://cdn.sofifa.net/teams/114688/60.png
Burgos CF,https://cdn.sofifa.net/teams/10846/60.png
Troms? IL,https://cdn.sofifa.net/teams/418/60.png
Avispa Fukuoka,https://cdn.sofifa.net/teams/113186/60.png
AC Ajaccio,https://cdn.sofifa.net/teams/614/60.png
Degerfors IF,https://cdn.sofifa.net/teams/113892/60.png
AS Nancy Lorraine,https://cdn.sofifa.net/teams/1823/60.png
Grasshopper Club Zürich,https://cdn.sofifa.net/teams/322/60.png
VfL Osnabrück,https://cdn.sofifa.net/teams/487/60.png
Odisha FC,https://cdn.sofifa.net/teams/113257/60.png
Viking FK,https://cdn.sofifa.net/teams/300/60.png
Hammarby IF,https://cdn.sofifa.net/teams/708/60.png
Dundee FC,https://cdn.sofifa.net/teams/180/60.png
Kristiansund BK,https://cdn.sofifa.net/teams/113459/60.png
Dundee United,https://cdn.sofifa.net/teams/181/60.png
Luton Town,https://cdn.sofifa.net/teams/1923/60.png
FC Groningen,https://cdn.sofifa.net/teams/1915/60.png
Jeju United FC,https://cdn.sofifa.net/teams/1478/60.png
Vejle Boldklub,https://cdn.sofifa.net/teams/822/60.png
Club The Strongest,https://cdn.sofifa.net/teams/110969/60.png
F.C. Hansa Rostock,https://cdn.sofifa.net/teams/27/60.png
Portsmouth,https://cdn.sofifa.net/teams/1790/60.png
FC Boto?ani,https://cdn.sofifa.net/teams/110752/60.png
Odds BK,https://cdn.sofifa.net/teams/1456/60.png
Club Independiente Santa Fe,https://cdn.sofifa.net/teams/101104/60.png
Club Nacional,https://cdn.sofifa.net/teams/112671/60.png
V?lerenga Fotball,https://cdn.sofifa.net/teams/920/60.png
Sociedad Deportiva Aucas,https://cdn.sofifa.net/teams/110987/60.png
SSV Jahn Regensburg,https://cdn.sofifa.net/teams/543/60.png
Metropolitanos de Caracas FC,https://cdn.sofifa.net/teams/112914/60.png
CD Mirandés,https://cdn.sofifa.net/teams/110069/60.png
Heart of Midlothian,https://cdn.sofifa.net/teams/80/60.png
Real Sociedad B,https://cdn.sofifa.net/teams/110711/60.png
FC Dinamo 1948 Bucure?ti,https://cdn.sofifa.net/teams/100757/60.png
Rodez Aveyron Football,https://cdn.sofifa.net/teams/111659/60.png
Le Havre AC,https://cdn.sofifa.net/teams/1738/60.png
Wycombe Wanderers,https://cdn.sofifa.net/teams/1933/60.png
Charlton Athletic,https://cdn.sofifa.net/teams/89/60.png
Lechia Gdańsk,https://cdn.sofifa.net/teams/111091/60.png
RKC Waalwijk,https://cdn.sofifa.net/teams/1905/60.png
Viktoria K?ln,https://cdn.sofifa.net/teams/110645/60.png
SG Dynamo Dresden,https://cdn.sofifa.net/teams/503/60.png
FC Ingolstadt 04,https://cdn.sofifa.net/teams/111239/60.png
St. Johnstone FC,https://cdn.sofifa.net/teams/100804/60.png
Chennaiyin FC,https://cdn.sofifa.net/teams/113297/60.png
Universidad Técnica de Cajamarca,https://cdn.sofifa.net/teams/114617/60.png
?rebro SK,https://cdn.sofifa.net/teams/705/60.png
SV Waldhof Mannheim 07,https://cdn.sofifa.net/teams/110532/60.png
FK Haugesund,https://cdn.sofifa.net/teams/1463/60.png
IK Sirius,https://cdn.sofifa.net/teams/113458/60.png
S?nderjyskE,https://cdn.sofifa.net/teams/1447/60.png
MSV Duisburg,https://cdn.sofifa.net/teams/1825/60.png
TSV 1860 München,https://cdn.sofifa.net/teams/33/60.png
Rotherham United,https://cdn.sofifa.net/teams/1797/60.png
Eintracht Braunschweig,https://cdn.sofifa.net/teams/110500/60.png
Blackpool,https://cdn.sofifa.net/teams/1926/60.png
Chamois Niortais Football Club,https://cdn.sofifa.net/teams/1813/60.png
Gangwon FC,https://cdn.sofifa.net/teams/112115/60.png
FC U Craiova 1948,https://cdn.sofifa.net/teams/115716/60.png
Deportivo Pasto,https://cdn.sofifa.net/teams/111723/60.png
Kerala Blasters FC,https://cdn.sofifa.net/teams/113299/60.png
Club Always Ready,https://cdn.sofifa.net/teams/114577/60.png
SK Brann,https://cdn.sofifa.net/teams/919/60.png
Suwon FC,https://cdn.sofifa.net/teams/112558/60.png
Motherwell,https://cdn.sofifa.net/teams/83/60.png
CD Huachipato,https://cdn.sofifa.net/teams/111327/60.png
?stersunds FK,https://cdn.sofifa.net/teams/113173/60.png
Vegalta Sendai,https://cdn.sofifa.net/teams/112836/60.png
1. FC Magdeburg,https://cdn.sofifa.net/teams/110588/60.png
Rapid Bucure?ti,https://cdn.sofifa.net/teams/310/60.png
Club Atlético Sarmiento,https://cdn.sofifa.net/teams/112713/60.png
FC Farul Constan?a,https://cdn.sofifa.net/teams/110075/60.png
Hyderabad FC,https://cdn.sofifa.net/teams/113301/60.png
Warta Poznań,https://cdn.sofifa.net/teams/112511/60.png
BK H?cken,https://cdn.sofifa.net/teams/711/60.png
Shonan Bellmare,https://cdn.sofifa.net/teams/113161/60.png
Lincoln City,https://cdn.sofifa.net/teams/149/60.png
Fleetwood Town,https://cdn.sofifa.net/teams/112260/60.png
Pau FC,https://cdn.sofifa.net/teams/110321/60.png
Oxford United,https://cdn.sofifa.net/teams/1951/60.png
Central Coast Mariners,https://cdn.sofifa.net/teams/111396/60.png
Club Atlético Palmaflor,https://cdn.sofifa.net/teams/115358/60.png
FC Goa,https://cdn.sofifa.net/teams/113298/60.png
Bengaluru FC,https://cdn.sofifa.net/teams/113302/60.png
Tokushima Vortis,https://cdn.sofifa.net/teams/112783/60.png
Zag??bie Lubin,https://cdn.sofifa.net/teams/110749/60.png
Club Atlético Nacional Potosí,https://cdn.sofifa.net/teams/112667/60.png
WSG Tirol,https://cdn.sofifa.net/teams/15040/60.png
Bolton Wanderers,https://cdn.sofifa.net/teams/4/60.png
TSV Egger Glas Hartberg,https://cdn.sofifa.net/teams/2017/60.png
Str?msgodset IF,https://cdn.sofifa.net/teams/922/60.png
St. Mirren,https://cdn.sofifa.net/teams/100805/60.png
FC Flyeralarm Admira,https://cdn.sofifa.net/teams/111821/60.png
Hallescher FC,https://cdn.sofifa.net/teams/110482/60.png
Lillestr?m SK,https://cdn.sofifa.net/teams/299/60.png
Dundalk FC,https://cdn.sofifa.net/teams/837/60.png
Brisbane Roar,https://cdn.sofifa.net/teams/111395/60.png
?l?sk Wroc?aw,https://cdn.sofifa.net/teams/111092/60.png
Club de Deportes Cobresal,https://cdn.sofifa.net/teams/110978/60.png
USL Dunkerque,https://cdn.sofifa.net/teams/111276/60.png
SV Ried,https://cdn.sofifa.net/teams/780/60.png
Seraing,https://cdn.sofifa.net/teams/112695/60.png
1. FC Kaiserslautern,https://cdn.sofifa.net/teams/29/60.png
Mj?ndalen IF,https://cdn.sofifa.net/teams/112420/60.png
Gillingham,https://cdn.sofifa.net/teams/1802/60.png
Sport Huancayo,https://cdn.sofifa.net/teams/114511/60.png
Mj?llby AIF,https://cdn.sofifa.net/teams/112072/60.png
Shrewsbury Town,https://cdn.sofifa.net/teams/127/60.png
Sagan Tosu,https://cdn.sofifa.net/teams/113160/60.png
Sepsi OSK Sf. Gheorghe,https://cdn.sofifa.net/teams/113378/60.png
SC Cambuur,https://cdn.sofifa.net/teams/647/60.png
Gaz Metan Media?,https://cdn.sofifa.net/teams/112637/60.png
Guayaquil City FC,https://cdn.sofifa.net/teams/113723/60.png
Club Deportivo Guabirá,https://cdn.sofifa.net/teams/114600/60.png
Carlos A. Mannucci,https://cdn.sofifa.net/teams/114619/60.png
Halmstads BK,https://cdn.sofifa.net/teams/321/60.png
FC Voluntari,https://cdn.sofifa.net/teams/113182/60.png
HJK Helsinki,https://cdn.sofifa.net/teams/100325/60.png
SC Bastia,https://cdn.sofifa.net/teams/58/60.png
Doncaster Rovers,https://cdn.sofifa.net/teams/142/60.png
FC Würzburger Kickers,https://cdn.sofifa.net/teams/110197/60.png
Sarpsborg 08 FF,https://cdn.sofifa.net/teams/112199/60.png
Campionii FC Arges,https://cdn.sofifa.net/teams/100759/60.png
Stab?k Fotball,https://cdn.sofifa.net/teams/917/60.png
Plymouth Argyle,https://cdn.sofifa.net/teams/1929/60.png
SV Meppen,https://cdn.sofifa.net/teams/110597/60.png
Swindon Town,https://cdn.sofifa.net/teams/1934/60.png
1. FC Saarbrücken,https://cdn.sofifa.net/teams/523/60.png
US Quevilly Rouen Métropole,https://cdn.sofifa.net/teams/112552/60.png
Livingston FC,https://cdn.sofifa.net/teams/621/60.png
FSV Zwickau,https://cdn.sofifa.net/teams/110592/60.png
Wis?a P?ock,https://cdn.sofifa.net/teams/1569/60.png
Radomiak Radom,https://cdn.sofifa.net/teams/111088/60.png
Kalmar FF,https://cdn.sofifa.net/teams/1439/60.png
Wrexham AFC,https://cdn.sofifa.net/teams/1947/60.png
Jamshedpur FC,https://cdn.sofifa.net/teams/114168/60.png
Viborg FF,https://cdn.sofifa.net/teams/1443/60.png
Cracovia,https://cdn.sofifa.net/teams/110747/60.png
Oldham Athletic,https://cdn.sofifa.net/teams/1920/60.png
SV Wehen Wiesbaden,https://cdn.sofifa.net/teams/492/60.png
Club Social y Deportivo Macará,https://cdn.sofifa.net/teams/114578/60.png
Oita Trinita,https://cdn.sofifa.net/teams/113183/60.png
SC Rheindorf Altach,https://cdn.sofifa.net/teams/15009/60.png
SK Austria Klagenfurt,https://cdn.sofifa.net/teams/1787/60.png
SC East Bengal FC,https://cdn.sofifa.net/teams/111629/60.png
AFC UTA Arad,https://cdn.sofifa.net/teams/110750/60.png
Deportivo Táchira FC,https://cdn.sofifa.net/teams/110990/60.png
Sportclub Verl,https://cdn.sofifa.net/teams/110501/60.png
Cambridge United,https://cdn.sofifa.net/teams/1944/60.png
Burton Albion,https://cdn.sofifa.net/teams/15015/60.png
Bruk-Bet Termalica Nieciecza,https://cdn.sofifa.net/teams/112510/60.png
Shamrock Rovers,https://cdn.sofifa.net/teams/306/60.png
PGE FKS Stal Mielec,https://cdn.sofifa.net/teams/114004/60.png
Accrington Stanley,https://cdn.sofifa.net/teams/110313/60.png
Cheltenham Town,https://cdn.sofifa.net/teams/1936/60.png
Silkeborg IF,https://cdn.sofifa.net/teams/270/60.png
FC Academica Clinceni,https://cdn.sofifa.net/teams/113391/60.png
NorthEast United FC,https://cdn.sofifa.net/teams/113040/60.png
AFC Wimbledon,https://cdn.sofifa.net/teams/112259/60.png
St. Patrick's Athletic,https://cdn.sofifa.net/teams/423/60.png
Northampton Town,https://cdn.sofifa.net/teams/1930/60.png
Salford City,https://cdn.sofifa.net/teams/113926/60.png
FC Viktoria 1889 Berlin,https://cdn.sofifa.net/teams/115820/60.png
Exeter City,https://cdn.sofifa.net/teams/143/60.png
Sandefjord Fotball,https://cdn.sofifa.net/teams/1757/60.png
Morecambe,https://cdn.sofifa.net/teams/357/60.png
Bohemian FC,https://cdn.sofifa.net/teams/305/60.png
Carlisle United,https://cdn.sofifa.net/teams/1480/60.png
AFC Chindia T?rgovi?te,https://cdn.sofifa.net/teams/113387/60.png
Crewe Alexandra,https://cdn.sofifa.net/teams/121/60.png
Milton Keynes Dons,https://cdn.sofifa.net/teams/1798/60.png
Borussia Dortmund II,https://cdn.sofifa.net/teams/110676/60.png
AC Mineros de Guayana,https://cdn.sofifa.net/teams/110992/60.png
Aragua Fútbol Club,https://cdn.sofifa.net/teams/112916/60.png
Bristol Rovers,https://cdn.sofifa.net/teams/1962/60.png
Cerro Largo Fútbol Club,https://cdn.sofifa.net/teams/115536/60.png
Colchester United,https://cdn.sofifa.net/teams/1935/60.png
Port Vale,https://cdn.sofifa.net/teams/1928/60.png
Tranmere Rovers,https://cdn.sofifa.net/teams/15048/60.png
Bradford City,https://cdn.sofifa.net/teams/1804/60.png
Leyton Orient,https://cdn.sofifa.net/teams/1958/60.png
Rochdale,https://cdn.sofifa.net/teams/1955/60.png
Newport County,https://cdn.sofifa.net/teams/112254/60.png
SC Freiburg II,https://cdn.sofifa.net/teams/110691/60.png
Academia Puerto Cabello,https://cdn.sofifa.net/teams/114611/60.png
Sligo Rovers,https://cdn.sofifa.net/teams/563/60.png
Ross County FC,https://cdn.sofifa.net/teams/631/60.png
Górnik ??czna,https://cdn.sofifa.net/teams/110565/60.png
Forest Green Rovers,https://cdn.sofifa.net/teams/561/60.png
Walsall,https://cdn.sofifa.net/teams/1803/60.png
CS Mioveni,https://cdn.sofifa.net/teams/113380/60.png
Crawley Town,https://cdn.sofifa.net/teams/110890/60.png
Mansfield Town,https://cdn.sofifa.net/teams/1940/60.png
Stevenage,https://cdn.sofifa.net/teams/361/60.png
Harrogate Town,https://cdn.sofifa.net/teams/112222/60.png
Varbergs BoIS FC,https://cdn.sofifa.net/teams/113743/60.png
Barrow,https://cdn.sofifa.net/teams/381/60.png
Hartlepool United,https://cdn.sofifa.net/teams/1941/60.png
TSV Havelse,https://cdn.sofifa.net/teams/110678/60.png
Scunthorpe United,https://cdn.sofifa.net/teams/1949/60.png
Sutton United,https://cdn.sofifa.net/teams/110799/60.png
Finn Harps,https://cdn.sofifa.net/teams/111131/60.png
Waterford FC,https://cdn.sofifa.net/teams/753/60.png
Derry City,https://cdn.sofifa.net/teams/445/60.png
Drogheda United,https://cdn.sofifa.net/teams/1572/60.png
Longford Town,https://cdn.sofifa.net/teams/1586/60.png
